probID,clust,geneName
8091715,2,LXN
7919815,2,CTSK
8138602,2,DFNA5
8077270,2,CHL1
8140668,2,SEMA3A
8127380,2,LGSN
7909422,2,MIR205
8154823,2,ANKRD18B
8013384,2,ALDH3A1
8063187,2,EYA2
8015016,2,TNS4
8092978,2,MUC4
8020762,2,DSG3
8135774,2,PTPRZ1
8058708,2,ABCA12
8015387,2,KRT17
8005449,2,KRT17P2
7920285,2,S100A2
8021584,2,SERPINB5
7963410,2,KRT6A
7915184,2,RHBDL2
7951217,2,MMP7
7951309,2,MMP13
7955297,2,AQP5
8049349,2,UGT1A1
7944164,2,TMPRSS4
7963427,2,KRT5
8015337,2,KRT15
8091515,2,GPR87
7952290,2,TRIM29
8084766,2,TP63
7936144,2,COL17A1
8043522,2,PROM2
8009951,2,ITGB4
8064904,2,FERMT1
7951297,2,MMP12
7951271,2,MMP1
8096301,2,SPP1
7951259,2,MMP10
8061883,2,BPIFA1
8015133,2,KRT23
8021603,2,SERPINB13
7902702,2,CLCA2
8023696,2,SERPINB3
8095697,2,CXCL1
8140840,2,STEAP4
7970864,2,HSPH1
8103722,2,HSP90AA6P
8138381,2,AGR2
8158167,2,LCN2
8126820,2,GPR110
8092726,2,CLDN1
7996819,2,CDH3
8126839,2,TNFRSF21
7964927,2,TSPAN8
8046124,2,DHRS9
8095688,2,CXCL6
7927529,2,MSMB
8127065,2,GSTA2
8006736,2,DUSP14
8033097,2,RFX2
7968637,2,CCNA1
8169221,2,PIH1D3
8169665,2,AKAP14
7920487,2,C1orf189
8018646,2,FOXJ1
8132715,2,C7orf57
8120011,2,SPATS1
8158930,2,C9orf9
8164766,2,AK8
8042843,2,WDR54
8165024,2,C9orf116
8093096,2,TCTEX1D2
8121547,2,FAM229B
8141728,2,IFT22
7902158,2,TCTEX1D1
8107909,2,SLC22A4
8132743,2,ABCA13
7943738,2,MIR34C
7997374,2,DYNLRB2
8151127,2,PPP1R42
7915425,2,ZMYND12
8096061,2,C4orf22
7922804,2,APOBEC4
8103064,2,TTC29
7927915,2,STOX1
7930320,2,CCDC147
7897966,2,C1orf158
7955156,2,CCDC65
7957514,2,PLEKHG7
7985147,2,DNAJA4
7943387,2,C11orf70
8114354,2,NME5
8073766,2,RIBC2
8017365,2,MARCH10
8023843,2,FBXO15
8047492,2,LOC100652824
7993713,2,IQCK
8054486,2,NPHP1
7951672,2,PIH1D2
7975676,2,CCDC176
8056022,2,CCDC148
7922382,2,ANKRD45
8008609,2,ANKFN1
8076612,2,EFCAB6
7961875,2,LMNTD1
8054166,2,TSGA10
8092295,2,CCDC39
7898124,2,FHAD1
7930818,2,ENO4
7960984,2,PZP
7942315,2,LRTOMT
8126184,2,KIF6
7917276,2,LPAR3
7900635,2,FAM183A
8155747,2,C9orf135
7927723,2,C10orf107
7903959,2,PIFO
8128726,2,PPIL6
8131452,2,RSPH10B2
8048870,2,DAW1
8040672,2,DRC1
8157632,2,MORN5
8104492,2,ROPN1L
7900076,2,TEKT2
7953520,2,LRRC23
7959330,2,WDR66
8004889,2,WDR16
8123303,2,PACRG
7932744,2,ARMC4
7926638,2,ARMC3
8121015,2,C6orf165
8107591,2,ZNF474
7900639,2,WDR65
8061272,2,C20orf26
8008040,2,LRRC46
8000034,2,DNAH3
8154892,2,DNAI1
8055361,2,MAP3K19
8085732,2,EFHB
8057463,2,CERKL
8111506,2,CAPSL
7916629,2,C1orf87
8007176,2,TTC25
8023314,2,CCDC11
7921473,2,CCDC19
7959108,2,CCDC60
8043747,2,VWA3B
8011990,2,TEKT1
8083897,2,TMEM212
7976578,2,AK7
8142079,2,EFCAB10
7971126,2,STOML3
8022666,2,CHST9
7996198,2,CCDC113
7917019,2,ERICH3
8121622,2,RSPH4A
7932598,2,ENKUR
8150691,2,EFCAB1
7943740,2,C11orf88
7921862,2,C1orf192
8070603,2,RSPH1
8094988,2,CWH43
8141846,2,FBXL13
8121193,2,KLHL32
8058203,2,ALS2CR12
7907232,2,MROH9
8123893,2,MAK
8044278,2,CCDC138
8048081,2,SPAG16
8056710,2,CCDC173
8095819,2,FAM47E
8041561,2,MORN2
8175755,2,CETN2
7944869,2,SPA17
7975971,2,SAMD15
7922152,2,CCDC181
7942941,2,CCDC81
7945321,2,GLB1L2
7916616,2,CYP2J2
8151310,2,EYA1
8069795,2,CLDN8
7962274,2,KIF21A
8059878,2,IQCA1
7990555,2,NRG4
8021131,2,KATNAL2
8064322,2,C20orf96
7959638,2,TCTN2
8152962,2,LRRC6
7989146,2,MNS1
8093258,2,IQCG
8172225,2,EFHC2
8122827,2,CCDC170
8151999,2,RGS22
7902660,2,WDR63
7909768,2,SPATA17
7916789,2,WDR78
8106950,2,FAM81B
8082643,2,NEK11
7900555,2,CCDC30
7946365,2,STK33
8113483,2,TMEM232
8091922,2,WDR49
8094533,2,DTHD1
8135341,2,CDHR3
8095021,2,SPATA18
7898623,2,UBXN10
8085062,2,IL5RA
7931281,2,FANK1
8133770,2,CCDC146
7983828,2,TEX9
8084165,2,SOX2
8122202,2,MYB
7943376,2,KIAA1377
8089659,2,KIAA1407
8081503,2,DZIP3
8094190,2,CC2D2A
8051135,2,IFT172
7992917,2,CLUAP1
7969166,2,KCNRG
8136495,2,TTC26
7962455,2,NELL2
8046646,2,OSBPL6
7901272,2,CYP4X1
8063761,2,CDH26
8085164,2,SRGAP3
8068383,2,CLIC6
8111019,2,DNAH5
8127072,2,GSTA1
7930593,2,PLEKHS1
8099476,2,PROM1
7901175,2,TSPAN1
8179861,2,SLC44A4
8111864,2,C6
7918294,2,C1orf194
7985398,2,FAM154B
8166690,2,CHDC2
7936201,2,WDR96
8091887,2,ZBBX
7968866,2,FAM216B
7940323,2,MS4A8
8080863,2,SNTN
7926622,2,SPAG6
8063601,2,C20orf85
8044669,2,RABL2B
7916506,2,C1orf168
8109629,2,FABP6
8146468,2,RP1
8088292,2,ASB14
8091910,2,SERPINI2
7981346,2,MOK
8104856,2,SPEF2
8121370,2,ARMC2
8058462,2,MDH1B
7961844,2,CASC1
8142646,2,IQUB
7957433,2,LRRIQ1
7918973,2,SPAG17
8085867,2,NEK10
8122561,2,ADGB
8166671,2,CXorf22
7947282,2,DCDC1
8081903,2,MAATS1
7934334,2,TTC18
7971757,2,NEK5
8005289,2,LRRC48
7997556,2,DNAAF1
8002446,2,HYDIN
8004957,2,DNAH9
7959681,2,DNAH10
8131719,2,DNAH11
7957673,2,C12orf55
8057821,2,DNAH7
8043043,2,DNAH6
8088299,2,DNAH12
8136315,2,LRGUK
8141882,2,DPY19L2P2
7993898,2,VWA3A
8078690,2,DLEC1
8076113,2,FAM227A
7947947,2,AGBL2
8130664,2,C6orf118
7933933,2,DNAJC12
8100943,2,RASSF6
8150002,2,FBXO16
7981142,2,CLMN
7983228,2,MAP1A
8117045,2,RBM24
8146967,2,CRISPLD1
8081288,2,TMEM45A
8097335,2,HSPA4L
8162117,2,GOLM1
7950391,2,PGM2L1
7938816,2,ZDHHC13
8145611,2,FZD3
8044143,2,C2orf40
8107594,2,SNCAIP
7972650,2,FGF14
8174654,2,KLHL13
8177222,2,CD24
7958253,2,C12orf75
8002020,2,TPPP3
8138157,2,COL28A1
7955469,2,SLC4A8
8090938,2,DZIP1L
8158902,2,C9orf171
8011680,2,ALOX15
8009493,2,KCNJ16
8041987,2,C2orf73
7985352,2,C15orf26
8071676,2,RAB36
8002897,2,TMEM231
8090567,2,EFCAB12
7938082,2,CNGA4
8059580,2,DNER
8084788,2,CLDN16
8087481,2,CDHR4
8007707,2,CCDC103
7916364,2,LDLRAD1
8157818,2,WDR38
8025004,2,CAPS
8087653,2,ZMYND10
7957510,2,C12orf74
8038048,2,CCDC114
8066347,2,PTPRT
8061620,2,TTLL9
7933394,2,FRMPD2
8004580,2,DNAH2
7915743,2,CCDC17
8158081,2,C9orf117
8008350,2,MYCBPAP
8090972,2,NME9
7996117,2,CCDC135
7911643,2,KIAA1751
8009585,2,DNAI2
8059028,2,CCDC108
8026587,2,NWD1
8039362,2,DNAAF3
7942489,2,DNAJB13
8010328,2,CCDC40
8170468,2,HMGB3
8084895,2,MUC20
8129880,2,PERP
8051361,2,SRD5A2
7979505,2,SIX1
7979510,2,SIX4
7966234,2,TRPV4
8063000,2,WFDC2
8116439,2,SCGB3A1
8101904,2,ADH7
8096511,2,BMPR1B
7973974,2,PAX9
8031999,2,PPAP2C
8022646,2,KCTD1
8173825,2,RPS6KA6
8173869,2,POF1B
8103544,2,SPOCK3
8116780,2,DSP
7967325,2,HCAR1
7983256,2,CKMT1B
8120335,2,FAM83B
8022692,2,DSC3
8115302,2,FAT2
8136839,2,PIP
7968062,2,ATP12A
8028984,2,CYP2F1
7902850,2,GBP6
8067125,2,BCAS1
7921909,2,C1orf110
8002882,2,CHST6
7983393,2,SORD
7983650,2,SLC27A2
8061894,2,BPIFB1
8091385,2,CP
8067140,2,CYP24A1
7918936,2,VTCN1
8051275,2,CAPN13
8030094,2,FUT2
7937612,2,MUC5B
8033674,2,MUC16
8000346,2,ERN2
8064613,2,SLC4A11
7907260,2,FMO6P
8109926,2,GABRP
7919787,2,HORMAD1
7901993,2,CACHD1
7936734,2,FGFR2
7951593,2,COLCA1
8053073,2,SLC4A5
8135601,2,MET
7903592,2,KIAA1324
8040190,2,GRHL1
8127743,2,HMGN3
8138392,2,AGR3
8091600,2,PLCH1
8095585,2,SLC4A4
8146839,2,C8orf34
7993638,2,TMC5
8044818,2,PCDP1
8147661,2,SPAG1
8122734,2,PPP1R14C
8039144,2,TMC4
7924058,2,IRF6
7978706,2,FOXA1
8083415,2,AADAC
8161945,2,RASEF
7971905,2,PCDH20
8138466,2,MACC1
8029086,2,CEACAM5
8160670,2,AQP3
8124388,8,HIST1H3B
8124531,8,HIST1H3I
7940147,8,FAM111B
7953218,8,RAD51AP1
7909708,8,CENPF
8105828,8,CCNB1
8117594,8,HIST1H2BM
7937020,8,MKI67
7979307,8,DLGAP5
8061579,8,TPX2
8102643,8,CCNA2
8155214,8,MELK
8014974,8,TOP2A
8132318,8,ANLN
8040223,8,RRM2
7983969,8,CCNB2
8094278,8,NCAPG
8006459,8,CCL13
8097991,8,TDO2
8174598,8,IL13RA2
8046488,8,CDCA7
7969243,8,CKAP2
8073068,8,APOBEC3C
8151032,8,GGH
8073062,8,APOBEC3B
7929438,8,HELLS
8112376,8,CENPK
8019842,8,TYMS
8146357,8,MCM4
8160879,8,CCL19
7969986,8,TNFSF13B
7912145,8,TNFRSF9
8068022,8,MIR155HG
7935230,8,ALDH18A1
7951485,8,SLC35F2
7954527,8,ARNTL2
8105267,8,ITGA2
8094240,8,CD38
8096602,8,DAPP1
8124650,8,UBD
7948894,8,RNU2-2P
8135943,8,RNA5SP242
7920873,8,SNORA80E
8116952,8,RNU1-11P
8102787,8,RNU1-89P
8169634,8,RNU1-67P
7922229,8,SELE
8006433,8,CCL2
7922976,8,PTGS2
7934916,8,CH25H
8006453,8,CCL8
8044574,8,IL1RN
8102594,8,TNIP3
8040440,5,GEN1
8102592,5,RN7SKP137
7971653,5,MIR15A
7902541,5,IFI44L
7953835,5,KLRG1
7963851,5,TESPA1
8089568,5,CD200R1
8041422,5,RASGRP3
7902594,5,PRKACB
8173745,5,CYSLTR1
8047677,5,CD28
8081799,5,TIGIT
8105331,5,GZMK
8173444,5,IL2RG
7944185,5,CD3G
8168531,5,GPR174
7918457,5,KCNA3
8059413,5,DOCK10
7987405,5,RASGRP1
8046695,5,ITGA4
7965541,5,FGD6
7909789,5,TGFB2
8102587,5,NDNF
7964722,5,WIF1
8096070,5,BMP3
7996022,5,CCL22
8060940,5,LAMP5
8129082,5,COL10A1
8162870,5,BAAT
8136790,5,PRSS2
8140367,5,CCL24
7977409,5,CRIP1
8006594,5,CCL18
7942123,5,CCND1
7963567,5,KRT8
8108981,5,STK32A
8021301,5,RAB27B
8169263,5,VSIG1
7909164,5,CTSE
8008454,5,ABCC3
8027002,5,GDF15
7982366,5,SCG5
8071420,5,SERPIND1
8008885,6,MIR21
7974335,6,RNA5SP385
7976812,6,SNORD113-4
7903358,6,VCAM1
8152617,6,HAS2
8081657,6,CD200
7980316,6,TGFB3
8134036,6,STEAP2
8063458,6,DOK5
8146957,6,PI15
8059376,6,SERPINE2
8099685,6,LGI2
8006445,6,CCL11
8060963,6,SNAP25
8035517,6,COMP
8147777,6,CTHRC1
7912887,6,MFAP2
7936968,6,ADAM12
8137264,6,TMEM176A
8160889,6,CCL21
8059905,6,COL6A3
8134263,6,COL1A2
8016646,6,COL1A1
8046922,6,COL3A1
8057620,6,COL5A2
8159142,6,COL5A1
7988467,6,FBN1
7995681,6,MMP2
8140556,6,HGF
8056257,6,FAP
7965403,6,LUM
8129573,6,MOXD1
7949588,6,CD248
7965873,6,IGF1
8130867,6,THBS2
8163637,6,TNC
8164200,6,ANGPTL2
8102328,6,CFI
8105348,6,GPX8
7952268,6,THY1
8171172,6,MXRA5
8114249,6,CXCL14
7904293,6,PTGFRN
8156783,6,COL15A1
7970954,6,DCLK1
8063437,6,TSHZ2
8103254,6,SFRP2
8148070,6,COL14A1
7907286,6,FMO1
8144802,6,PDGFRL
8111443,6,C1QTNF3
8089544,6,CCDC80
8139087,6,SFRP4
7960771,6,CD163L1
8106573,6,THBS4
7923562,6,CHIT1
8093104,6,TM4SF19
8126784,6,PLA2G7
7917728,6,FAM69A
8048995,6,ITM2C
7918794,6,AMPD1
8100827,6,IGJ
8053718,6,IGKV2D-40
8043446,6,IGKV6-21
7953333,6,CD27
8044611,6,IGKV1OR2-108
8043478,6,IGKV1D-8
8071642,6,IGLV6-57
8043360,6,IGKV3OR2-268
8029136,6,CD79A
8114511,6,MZB1
7993267,6,TNFRSF17
8116559,6,IRF4
7938183,6,ZNF215
8172471,6,PIM2
7921237,6,FCRL5
8046408,6,PDK1
8043426,6,IGKV5-2
8001102,6,IGHV3OR16-8
8043441,6,IGKV1D-27
8043465,6,IGKV1-13
8043480,6,IGKV1OR9-2
8043438,6,IGKV2D-28
8043433,6,LOC102724453
8043431,6,IGKV1D-33
8043468,6,IGKV1OR2-3
7981740,6,IGHV3-74
7932938,6,EPC1
7981722,6,IGHV3-7
7981728,6,IGHV3-52
8001104,6,IGHV3OR16-7
7986639,6,LOC642131
8043476,6,IGKV1D-43
8043459,6,IGKV1D-16
8043474,6,IGKV1D-42
8043449,6,IGKV3D-20
8043470,6,IGKV3D-11
7981732,6,IGHV4-59
7981601,6,MIR8071-1
8053690,6,IGKC
7981724,6,IGHV3-43
8053735,6,IGKV1OR9-1
7986637,6,IGHV1OR15-1
8043436,6,IGKV2D-26
8071658,6,IGLV7-46
8071655,6,IGLV9-49
8074944,6,DERL3
7981737,6,IGHV3-73
8043443,6,IGKV2D-24
8043456,6,IGKV2D-18
7953873,6,LOC728715
7950743,6,RAB30
8095343,6,STAP1
8099850,6,TMEM156
8168524,6,P2RY10
7906613,6,SLAMF7
7908968,6,LAX1
7957458,6,NTS
8112428,6,CD180
7909350,6,CR2
8095467,6,FDCSP
7940287,6,MS4A1
8095886,6,CXCL13
7965486,4,CEP83
7917433,4,ODF2L
8133062,4,ZNF273
7901931,4,EFCAB7
8154670,4,IFT74
7965226,4,RASSF9
7972239,4,SLITRK6
8102468,4,PRSS12
7909503,4,SERTAD4
7924508,4,SUSD4
8081488,4,HHLA2
8112649,4,FAM169A
8077366,4,LRRN1
7909510,4,HHAT
7954645,4,TSPAN11
8131666,4,ITGB8
7988093,4,TP53BP1
8097841,4,TRIM2
8129071,4,FRK
8058670,4,IKZF2
8088866,4,CNTN3
8083978,4,NAALADL2
8101587,4,MAPK10
8046792,4,DUSP19
8142930,4,CEP41
7928671,4,TMEM254
8126750,4,ENPP5
7984569,4,LRRC49
8078461,4,FBXL2
7974125,4,FAM179B
8081362,4,CEP97
8134051,4,C7orf63
7968577,4,NBEA
7964997,4,CAPS2
8089596,4,WDR52
7943442,4,DYNC2H1
8159876,4,RFX3
8120222,4,EFHC1
8147313,4,TMEM67
8046147,4,BBS5
8157058,4,FSD1L
7993664,4,CCP110
8001423,4,RPGRIP1L
7989055,4,DYX1C1
8112439,4,CCDC125
8114030,4,KIF3A
7958620,4,IFT81
8042168,4,KIAA1841
7898957,4,RCAN3
7944751,4,C11orf63
7900159,4,DNALI1
8083616,4,MLF1
8056995,4,TTC30B
8025958,4,ZNF440
8127756,4,LCA5
8173941,4,TSPAN6
7958692,4,TCTN1
8091446,4,PFN2
8112668,4,GCNT4
8122071,4,ENPP3
8019563,4,MGC70870
8052399,4,BCL11A
8081710,4,SIDT1
8138613,4,OSBPL3
8008682,4,MSI2
8014248,4,SLFN13
7962312,4,ABCD2
7941714,4,C11orf80
7975136,4,FUT8
8099721,4,SEL1L3
8151890,4,TP53INP1
7907657,4,RALGPS2
8145293,4,ADAM28
7904361,4,FAM46C
8084717,4,ST6GAL1
8060897,4,PLCB4
8169294,4,COL4A5
7901720,4,PRKAA2
7973850,4,AKAP6
8171921,4,DMD
8117054,4,CAP2
8161865,4,PRUNE2
8053551,4,REEP1
7981514,4,AHNAK2
7925954,4,NET1
7964602,4,LRIG3
8036324,4,ZNF260
8091354,4,HLTF
8068522,4,TTC3
8168589,4,ZNF711
8122396,4,AIG1
7947199,4,LGR4
8133938,4,CROT
7968015,4,TNFRSF19
7950810,4,SYTL2
8149551,4,PSD3
8083779,4,SERPINI1
7903227,4,PALMD
7952526,4,CDON
8120967,4,NT5E
7938348,4,WEE1
7972661,4,RNU1-24P
8146788,4,RNA5SP268
8154416,4,CCDC171
7932637,4,ANKRD26
8111584,4,C5orf42
8053797,4,ANKRD36C
8043697,4,ANKRD36B
8043687,4,ANKRD36
7932326,4,CUBN
8092418,4,ABCC5
8101637,4,HSD17B13
7940654,4,SCGB1A1
8108995,4,SCGB3A2
7939665,4,MDK
8048205,4,IGFBP2
8107897,4,PDLIM4
8003667,4,SERPINF1
8077970,4,FBLN2
8054377,4,FHL2
8094520,4,PCDH7
8146863,4,SULF1
7936835,4,CPXM2
8085774,4,ZNF385D
7982377,4,GREM1
8061013,4,ISM1
8020164,4,GNAL
7921099,4,CRABP2
8068671,4,BACE2
7920552,4,KCNN3
8020308,4,LDLRAD4
8145555,4,SCARA3
8149927,4,CLU
7922756,4,NMNAT2
7951479,4,SLN
8067040,4,NFATC2
8123006,4,SYNJ2
8129953,4,HIVEP2
8105596,4,RGS7BP
8175539,4,LDOC1
7922994,4,BRINP3
7918878,4,CASQ2
8005048,4,MYOCD
8121729,4,PLN
7999674,4,MYH11
8097080,4,SYNPO2
8135990,4,FLNC
8042788,4,ACTG2
8025918,4,CNN1
8048541,4,DES
7934906,4,ACTA2
7946589,4,MRVI1
7932082,4,CCDC3
7936494,4,GFRA1
8104022,4,PDLIM3
7935613,4,HPSE2
8022674,4,CDH2
8140534,4,SEMA3C
8062571,4,FAM83D
8155327,4,ALDH1B1
7943892,4,NCAM1
7925452,4,GREM2
7909841,4,MARK1
7924619,4,ENAH
7924450,4,DUSP10
8102232,4,LEF1
8112731,4,F2RL2
8088180,4,WNT5A
8150751,4,FAM150A
7908488,4,CFHR1
8140782,4,ABCB1
8157193,4,ZNF483
7951077,4,SESN3
7972003,4,KLF12
7965166,4,PPFIA2
8046048,4,CSRNP3
7927876,4,TET1
8103025,4,ZNF827
7908397,4,RGS13
8101780,4,HPGDS
7944803,4,VWA5A
8083260,4,CPA3
7930837,4,SLC18A2
7940226,4,MS4A2
7988672,4,HDC
7998434,4,TPSAB1
8154295,4,IL33
8102792,4,PCDH18
8097957,4,GUCY1A3
8102532,4,PDE5A
8097692,4,EDNRA
8127193,4,BMP5
8173917,4,NAP1L3
8127346,4,RAB23
8091867,4,BCHE
8162404,4,ECM2
7931977,4,ITIH5
7933733,4,FAM13C
8155665,4,PGM5
8126760,4,RCAN2
7918857,4,TSPAN2
8109490,4,SGCD
7932584,4,PRTFDC1
8135218,4,LRRC17
8168622,4,KLHL4
7954481,4,SSPN
7965941,4,GLT8D2
8162373,4,OGN
7908459,4,CFH
8081081,4,EPHA3
8003814,4,ASPA
8160168,4,FREM1
7961514,4,MGP
8140686,4,SEMA3D
7913582,4,ZNF436
7947512,4,PAMR1
7903214,4,LPPR4
7908204,4,HMCN1
8042439,4,ANTXR1
8088919,4,ROBO1
8162394,4,ASPN
8014768,4,PLXDC1
7933194,4,CXCL12
8080964,4,GXYLT2
7950764,4,DLG2
8081686,4,BOC
8160260,4,BNC2
7976073,4,FLRT2
7907222,4,PRRX1
7927681,4,BICC1
8057486,4,PDE1A
7974316,4,FRMD6
8096959,4,ANK2
7971077,4,POSTN
8046895,4,FAM171B
7929511,4,ENTPD1
8022612,4,ZNF521
8122222,4,PDE7B
8151684,4,MMP16
7921916,4,RGS5
7954293,4,PDE3A
8151816,4,GEM
8167973,4,HEPH
8041383,4,LTBP1
8114920,4,DPYSL3
8159521,4,PTGDS
8067157,4,CBLN4
8163908,4,GGTA1P
8166079,4,EGFL6
8056890,4,CHN1
8113504,4,NREP
8022283,4,PIEZO2
7948167,4,APLNR
7980152,4,LTBP2
8081001,4,ROBO2
8151709,4,RNU6-925P
7981949,4,SNORD116-1
7981962,4,SNORD116-5
7981994,4,SNORD116-23
7981996,4,SNORD116-24
7918426,4,SLC16A4
7954899,4,CNTN1
7910111,4,EPHX1
8126770,4,CYP39A1
7906339,4,CD1A
8052916,4,CD207
7906443,4,FCER1A
7906348,4,CD1C
7906355,4,CD1E
7928107,4,H2AFY2
8040430,4,VSNL1
8112615,4,ENC1
8117165,4,SOX4
8092230,4,ZMAT3
8173299,4,EDA2R
8126853,4,PTCHD4
7980485,4,DIO2
8067233,4,PMEPA1
7953200,4,CCND2
8123104,4,FNDC1
7979241,4,BMP4
7926223,4,CAMK1D
7961983,4,TM7SF3
8047738,4,NRP2
7935058,4,MYOF
8104079,4,FAT1
7961102,1,CLEC1B
8118249,1,C6orf25
8016044,1,ITGA2B
8063716,1,TUBB1
7973108,1,ECRP
7963760,1,NFE2
7996100,1,GPR97
8088813,1,PROK2
7898448,1,PADI4
7992811,1,MMP25
7951246,1,MMP8
8029280,1,CD177
8149137,1,DEFA1B
7969288,1,OLFM4
8016932,1,MPO
7977161,1,TDRD9
7926334,1,OLAH
8122058,1,ARG1
8157446,1,ORM1
8157450,1,ORM2
8010915,1,FAM101B
8042637,1,DYSF
8080344,1,STAB1
8110106,1,HRH2
8105987,1,LOC441081
8171435,1,PIR
7909446,1,HSD11B1
8102342,1,ELOVL6
7963786,1,ITGA5
8135069,1,SERPINE1
8063382,1,SNAI1
8115851,1,STC2
7938390,1,ADM
8083594,1,PTX3
8130556,1,SOD2
7940717,1,SLC3A2
7958174,1,TXNRD1
8154233,1,CD274
7994280,1,IL4R
8161701,1,TMEM2
8102800,1,SLC7A11
7903920,1,CHI3L2
8038824,1,SIGLEC10
8072678,1,HMOX1
7897620,1,PGD
8088106,1,TKT
7986092,1,FURIN
8025741,1,DNM2
7951385,1,CASP5
8027862,1,FFAR2
8031213,1,LILRA1
8039226,1,LILRA3
8018189,1,CD300E
8034873,1,EMR2
8039212,1,LILRB2
8031207,1,LILRA2
8039236,1,LILRA5
8039096,1,NLRP12
7959834,1,GLT1D1
7998940,1,MEFV
8029914,1,C5AR2
8160297,1,PLIN2
7983910,1,AQP9
8029907,1,C5AR1
8097903,1,TLR2
8103951,1,ACSL1
8152988,1,SLA
8030860,1,FPR2
8038899,1,FPR1
7914950,1,CSF3R
8048283,1,SLC11A1
8157524,1,TLR4
7960794,1,CD163
8136557,1,TBXAS1
8035456,1,LRRC25
8175933,1,RENBP
8061668,1,HCK
8115957,1,HK3
8033605,1,MYO1F
8072744,1,NCF4
7914112,1,FGR
8071069,1,IL17RA
8030782,1,SIGLEC9
8039196,1,LILRB3
8064451,1,SIRPB2
8089911,1,HCLS1
8119132,1,FGD2
8103311,1,FGA
8103326,1,FGG
7934979,1,ANKRD1
8112045,1,ESM1
8167305,1,EBP
7905986,1,FDPS
8123137,1,ACAT2
8137526,1,INSIG1
7948612,1,FADS1
7950067,1,DHCR7
8005839,1,TMEM97
7931754,1,IDI1
8106280,1,HMGCR
8098195,1,MSMO1
8111941,1,HMGCS1
8169504,1,SLC6A14
8113491,1,STARD4
7898693,1,ALPL
8163775,1,MEGF9
8064894,1,LRRN4
8029437,1,PVR
8100507,1,HOPX
7900365,1,MFSD2A
8150889,1,SDR16C5
8058498,1,FZD5
8145227,1,RHOBTB2
8062782,1,TOX2
7955663,1,TENC1
8029784,1,HIF3A
8126214,1,MOCS1
8090823,1,SLCO2A1
8170364,1,AFF2
7915229,1,HEYL
8109120,1,AFAP1L1
8074131,1,SHANK3
8125383,1,NOTCH4
8013965,1,SSH2
8148476,1,DENND3
8010139,1,SEC14L1
7986132,1,MAN2A2
7928705,1,TSPAN14
8066848,1,PREX1
8083447,1,P2RY1
7903393,1,S1PR1
7992293,1,TMEM204
8168028,1,STARD8
7915919,1,TAL1
7905606,1,NPR1
8109333,1,GPX3
8015846,1,MPP3
7914042,1,MAP3K6
7946641,1,GALNT18
8130739,1,RPS6KA2
7970763,1,FLT1
8170420,1,MAMLD1
7904761,1,ITGA10
8044021,1,IL1RL1
8044035,1,IL18R1
7941236,1,CDC42EP2
7950555,1,LRRC32
8037614,1,GPR4
8114797,1,SPRY4
8018379,1,CASKIN2
8038163,1,RASIP1
8023995,1,FSTL3
7948630,1,FADS3
8041582,1,PKDCC
8032392,1,MKNK2
7934185,1,C10orf54
8076137,1,SUN2
7940191,1,STX3
7950671,1,GAB2
8018449,1,UNC13D
8079462,1,NBEAL2
7921088,1,NES
8142981,1,PODXL
7951662,1,CRYAB
8036473,1,PPP1R14A
8072626,1,TIMP3
7952752,1,ADAMTS8
8043504,1,MAL
7938758,1,SAA1
7997188,1,HP
7997192,1,HPR
7925929,1,AKR1C3
7931832,1,AKR1C2
8168749,1,SRPX2
7976496,1,SERPINA3
8085360,1,TIMP4
8141374,1,AZGP1
7938563,1,ARNTL
8129618,1,VNN1
8122816,1,RN7SKP268
7902687,1,CYR61
8129562,1,CTGF
8025828,1,LDLR
8114572,1,HBEGF
8123936,1,NEDD9
8115831,1,DUSP1
8163002,1,KLF4
8030999,1,ZNF331
8171418,1,PIGA
7960865,1,SLC2A3
8018864,1,SOCS3
8024485,1,GADD45B
8162276,1,NFIL3
7982597,1,THBS1
7933084,1,NAMPT
7954055,1,APOLD1
8069676,1,ADAMTS1
8070665,1,SIK1
7912157,1,ERRFI1
7922162,1,SLC19A2
7995793,1,MT1L
7995838,1,MT1X
8001531,1,MT1G
7995806,1,MT1A
7995783,1,MT2A
8095376,1,MT2P1
8162531,1,MT1P1
7995797,1,MT1E
7995813,1,MT1DP
8062119,1,MT1P3
7995787,1,MT1M
7995803,1,MT1JP
7917875,1,F3
7926037,1,PFKFB3
8150592,1,CEBPD
7936242,1,ITPRIP
7978644,1,NFKBIA
8086330,1,CSRNP1
7965606,1,HAL
8145281,1,SLC25A37
8103975,1,SLED1
8031374,1,FCAR
8042503,1,MXD1
8044049,1,IL18RAP
7909371,1,CR1
8124280,1,FAM65B
8129637,1,VNN2
8048227,1,CXCR2
8058905,1,CXCR1
7905571,1,S100A9
7920244,1,S100A8
7920238,1,S100A12
8136662,1,MGAM
7953749,1,CLEC4D
7973110,1,RNASE2
7979085,1,PYGL
7904226,1,SLC22A15
8108873,1,ARHGAP26
8010271,1,PGS1
8063345,1,SNORD12C
7928308,1,DDIT4
8141094,1,PDK4
8012349,1,PER1
8174361,1,TSC22D3
8161648,1,KLF9
7943984,1,ZBTB16
8125919,1,FKBP5
8044391,1,MERTK
7987145,1,FMN1
7918533,1,ADORA3
8104930,1,SLC1A3
8092970,7,APOD
8146687,7,ADHFE1
7977621,7,NDRG2
8032926,7,PTPRS
7908924,7,PRELP
7917649,7,TGFBR3
7939052,7,FIBIN
7980908,7,FBLN5
8056518,7,SCN7A
8036055,7,LGI4
8062864,7,WISP2
8078155,7,GALNT15
7962058,7,TMTC1
8047300,7,AOX1
8172043,7,SRPX
7966026,7,NUAK1
8105778,7,PIK3R1
8147891,7,PKHD1L1
7921690,7,ITLN1
8141342,7,CYP3A7
7904433,7,PHGDH
7945680,7,H19
7945232,7,ADAMTS15
7946579,7,LYVE1
7997904,7,LOC642533
8093494,7,CRIPAK
8118228,7,LY6G5B
8073148,7,ATF4
7919747,7,RN7SL473P
7919749,7,RN7SL600P
8105937,7,SMA4
8177527,7,NAIP
8117018,7,RNU6-522P
7964246,7,SNORD59B
8137668,7,RNU6-447P
8097116,7,RNU4-33P
8098193,7,RNU4-87P
8165663,7,MT-TD
8165672,7,MT-TG
8165658,7,ND2
8165667,7,MT-TK
8165684,7,MT-TL2
8165680,7,MT-TH
8165682,7,MT-TS2
8165703,7,MT-TS1
8165696,7,MT-TA
8165694,7,MT-TQ
8165709,7,MT-TP
8019804,7,ROCK1P1
8094134,7,USP17L15
8149356,7,USP17L3
8144388,7,FAM90A7P
8151625,7,REXO1L1P
7970737,3,FLT3
7956878,3,IRAK3
8043981,3,IL1R2
8063923,3,SLCO4A1
8100798,3,SULT1B1
7960900,3,CLEC4E
7953021,3,ADIPOR2
8129861,3,IFNGR1
8003656,3,SERPINF2
8026631,3,F2RL3
8049990,3,FAM150B
8107563,3,PRR16
8088415,3,FAM107A
8136448,3,CHRM2
7918323,3,SORT1
8166925,3,MAOA
7972487,3,DOCK9
8080810,3,PTPRG
7957126,3,KCNMB4
8019988,3,PTPRM
8054254,3,AFF3
8043244,3,ATOH8
8026915,3,ARRDC2
8123976,3,GFOD1
8074473,3,CLDN5
7955578,3,GRASP
8087624,3,HYAL2
8109612,3,ADRA1B
8006900,3,PNMT
8125780,3,IP6K3
7972745,3,IRS2
8090343,3,KLF15
7984174,3,SNX22
8013947,3,CORO6
7966839,3,VSIG10
7996219,3,NDRG4
8110631,3,BTNL9
8008900,3,CA4
8036890,3,PRX
8066489,3,WFDC12
8054872,3,TFCP2L1
8004741,3,CNTROB
7931031,3,TACC2
7983413,3,DUOX1
7988380,3,DUOXA1
8041940,3,GTF2A1L
8092596,3,DGKG
8121949,3,LAMA2
8095080,3,PDGFRA
7925320,3,NID1
8142194,3,LAMB1
7915787,3,PIK3R3
8097098,3,USP53
8173955,3,SYTL4
8117243,3,LRRC16A
8142554,3,AASS
8167763,3,TSPYL2
8014361,3,CCL23
7946860,3,ABCC8
8163716,3,BRINP1
7902425,3,ST6GALNAC3
7934936,3,SLC16A12
7990391,3,CYP1A1
7985268,3,FAH
8036913,3,BLVRB
8076344,3,POLR3H
8019357,3,DCXR
8070632,3,CBS
7909877,3,MARC1
7926152,3,ECHDC3
7948987,3,PLA2G16
7955063,3,TMEM106C
7902290,3,CTH
8013243,3,SHMT1
8038202,3,BCAT2
7937079,3,BNIP3
8151942,3,HRSP12
7978553,3,SPTSSA
8127094,3,GSTA4
7936322,3,GPAM
8128043,3,CNR1
7996341,3,PDP2
8022531,3,NPC1
8042942,3,HK2
7948420,3,FABP5
8124855,3,SFTA2
7950641,3,NDUFC2-KCTD14
7993756,3,ACSM3
8082673,3,ACPP
8000574,3,NUPR1
8038213,3,HSD17B14
8118324,3,C2
8149725,3,PEBP4
8166797,3,MID1IP1
7930106,3,TMEM180
8019392,3,FASN
8062041,3,ACSS2
8070961,3,LSS
8056457,3,SCN1A
8104422,3,MTRR
8098671,3,F11
8097628,3,HHIP
8140709,3,KIAA1324L
8056611,3,LRP2
7935535,3,CRTAC1
8147244,3,NECAB1
7968789,3,RGCC
8122457,3,STX11
7899361,3,STX12
7940643,3,ASRGL1
7901316,3,SLC5A9
8109462,3,CNOT8
7905664,3,SLC27A3
8104570,3,FAM105A
7959893,3,GPR133
8057056,3,TTN
8057377,3,CCDC141
7989073,3,PRTG
8166289,3,CDKL5
8126324,3,PGC
7923850,3,SLC26A9
8004784,3,ALOX15B
7928632,3,SFTPA1
7954810,3,LRRK2
8044353,3,ACOXL
8091678,3,VEPH1
8049487,3,MLPH
8097829,3,FHDC1
8101031,3,CDKL2
7956271,3,HSD17B6
8087925,3,TNNC1
8095986,3,ANXA3
8052753,3,GKN2
7929816,3,SCD
7934719,3,SFTPD
8101992,3,SLC39A8
7998784,3,ABCA3
8092348,3,LAMP3
8082928,3,CLDN18
7999387,3,EMP2
8179967,3,AGER
8082974,3,ESYT3
8126798,3,GPR116
8058591,3,ACADL
8087691,3,CACNA2D2
7987815,3,PLA2G4F
8057418,3,ZNF385B
8081838,3,ARHGAP31
8092707,3,LEPREL1
8116932,3,PHACTR1
8147132,3,CA2
8149685,3,LGI3
8071086,3,CECR2
8118061,3,DPCR1
7946504,3,TMEM41B
7909285,3,PFKFB2
8107129,3,SLCO4C1
8059538,3,SLC19A3
8083494,3,MME
7967034,3,PLA2G1B
7971444,3,CPB2
7903935,3,CHIAP2
7903945,3,CHIA
8017766,3,APOH
8169492,3,AGTR2
8133876,3,CD36
7898793,3,C1QA
7898805,3,C1QB
7975799,3,FLVCR2
8051396,3,NLRC4
7903980,3,C1orf162
8166065,3,TLR8
7968344,3,ALOX5AP
7977786,3,SLC7A7
8173287,3,VSIG4
7983704,3,GLDN
8144917,3,LPL
7908376,3,RGS18
8008598,3,PCTP
8046003,3,GCA
8162086,3,AGTPBP1
7920278,3,S100A3
8025103,3,EMR1
8060675,3,CDC25B
8137257,3,GIMAP1-GIMAP5
8137232,3,GIMAP8
8143781,3,GIMAP6
8131067,3,GPR146
7920506,3,SHE
7978712,3,CLEC14A
7982854,3,DLL4
8126163,3,KCNK17
7944876,3,NRGN
7927277,3,GPRIN2
7933298,3,SYT15
7913655,3,ID3
8061564,3,ID1
8045009,3,GYPC
8017547,3,ICAM2
8075924,3,MFNG
8132118,3,AQP1
8038407,3,RRAS
7950473,3,ARRB1
8011062,3,INPP5K
8087611,3,HYAL1
8001547,3,PLLP
8040238,3,HPCAL1
8104746,3,NPR3
8098060,3,RXFP1
7964872,3,PTPRB
8154692,3,TEK
7917850,3,ARHGAP29
8113666,3,SEMA6A
7934215,3,SPOCK2
7933855,3,RTKN2
8055323,3,NCKAP5
8103789,3,GPM6A
8022559,3,ANKRD29
8020551,3,LAMA3
8083471,3,ARHGEF26
8098470,3,WWC2
7972713,3,EFNB2
8023401,3,CCDC68
8103769,3,HPGD
7983890,3,GCOM1
8013989,3,SLC6A4
7978376,3,STXBP6
8057898,3,HECW2
7909954,3,DISP1
8091780,3,B3GALNT1
7968650,3,SERTM1
7921702,3,ITLN2
7940530,3,MYRF
8065427,3,GGTLC1
8149324,3,FAM167A
8075106,3,TPST2
7992463,3,SLC9A3R2
8090469,3,GATA2
8158739,3,LAMC3
7952453,3,ROBO4
7996264,3,CDH5
8164252,3,SH2D3C
7952436,3,ESAM
7955562,3,ACVRL1
7997726,3,FOXF1
8042079,3,CCDC85A
8050537,3,MATN3
8041763,3,PRKCE
7984353,3,SMAD6
8016841,3,TMEM100
8041781,3,EPAS1
8079060,3,VIPR1
7914075,3,FCN3
7928944,3,PAPSS2
8171205,3,NLGN4X
7934161,3,PRF1
7953949,3,KLRD1
8081890,3,PLA1A
8104901,3,IL7R
7944970,3,RNU6-321P
8094340,3,MIR218-1
8127502,3,LINC00472
7960438,3,ANO2
7960464,3,VWF
7905801,3,TDRD10
7930915,3,RN7SL749P
8101881,3,ADH1B
8163202,3,SVEP1
8063497,3,CASS4
8109383,3,GRIA1
8094301,3,SLIT2
8171427,3,FIGF
8100393,3,KDR
8122860,3,MYCT1
8166784,3,TSPAN7
8023727,3,DSEL
8088979,3,VGLL3
7978407,3,PRKD1
8105121,3,GHR
7997504,3,CDH13
8171359,3,GPM6B
8110265,3,FGFR4
8007420,3,AOC3
8023575,3,CCBE1
8122176,3,TCF21
8083599,3,C3orf55
7957221,3,TRHDE
8167027,3,RGN
8176193,3,F8
8148591,3,GPIHBP1
8151457,3,HEY1
8141328,3,CYP3A5
7980616,3,PTPN21
8047926,3,MAP2
8069178,3,ADARB1
7954559,3,PPFIBP1
7930894,3,GRK5
8046099,3,NOSTRIN
8111677,3,LIFR
7950885,3,FZD4
8057797,3,SDPR
8134460,3,FLJ30064
8008113,3,CALCOCO2
8083240,3,AGTR1
8132092,3,INMT
8171313,3,ARHGAP6
8057599,3,TFPI
8138504,3,RAPGEF5
7970924,3,STARD13
8122637,3,SASH1
8085556,3,SH3BP5
7972157,3,EDNRB
7902565,3,LPHN2
7966690,3,TBX3
7954589,3,REP15
7910915,3,CHRM3
8045776,3,GALNT13
7922474,3,KIAA0040
8077490,3,LMCD1
8077499,3,LINC00312
8023710,3,CDH19
7968556,3,KL
8046428,3,RAPGEF4
7965156,3,LIN7A
8111153,3,MYO10
7972217,3,SPRY2
7958000,3,CHPT1
7977497,3,CCNB1IP1
8105146,3,NIM1K
8117020,3,MYLIP
7961626,3,SLCO1A2
8080578,3,CACNA2D3
8092328,3,MCCC1
8163086,3,TMEM245
7919314,3,FMO5
8155673,3,PIP5K1B
7940333,3,MS4A15
8075390,3,SEC14L4
8117106,3,RNF144B
8154135,3,SLC1A1
8104693,3,PDZD2
8154981,3,UNC13B
7989596,3,DAPK2
8044882,3,EPB41L5
7932453,3,NEBL
8166243,3,REPS2
8152764,3,MTSS1
8109283,3,NDST1
7995525,3,NKD1
8116980,3,RNF182
8149885,3,ADRA1A
hsa-miR-34c-3p_st,102,hsa-miR-34c-3p
hsa-miR-34c-5p_st,102,hsa-miR-34c-5p
hsa-miR-205_st,102,hsa-miR-205
hsa-miR-31_st,102,hsa-miR-31
hsa-miR-132-star_st,102,hsa-miR-132-star
hsa-miR-625-star_st,102,hsa-miR-625-star
hsa-miR-331-3p_st,101,hsa-miR-331-3p
hsa-miR-489_st,101,hsa-miR-489
hsa-miR-29b_st,101,hsa-miR-29b
hsa-miR-29c_st,101,hsa-miR-29c
hsa-miR-720_st,101,hsa-miR-720
hsa-miR-886-3p_st,101,hsa-miR-886-3p
hsa-miR-197_st,101,hsa-miR-197
hsa-miR-30e_st,101,hsa-miR-30e
hsa-miR-18a_st,101,hsa-miR-18a
hsa-miR-223_st,101,hsa-miR-223
hsa-miR-17-star_st,101,hsa-miR-17-star
hsa-miR-30c-2-star_st,101,hsa-miR-30c-2-star
hsa-miR-501-3p_st,101,hsa-miR-501-3p
hsa-miR-1307_st,101,hsa-miR-1307
hsa-miR-500_st,101,hsa-miR-500
hsa-miR-130b_st,101,hsa-miR-130b
hsa-miR-106b-star_st,101,hsa-miR-106b-star
hsa-miR-345_st,101,hsa-miR-345
hsa-miR-106b_st,101,hsa-miR-106b
hsa-miR-106a_st,101,hsa-miR-106a
hsa-miR-20a_st,101,hsa-miR-20a
hsa-miR-30d_st,101,hsa-miR-30d
hsa-miR-126_st,101,hsa-miR-126
hsa-miR-30a_st,101,hsa-miR-30a
hsa-miR-150_st,101,hsa-miR-150
hsa-miR-146a_st,101,hsa-miR-146a
hsa-miR-342-5p_st,101,hsa-miR-342-5p
hsa-miR-151-3p_st,101,hsa-miR-151-3p
hsa-miR-203_st,101,hsa-miR-203
hsa-miR-375_st,101,hsa-miR-375
hsa-miR-10a_st,101,hsa-miR-10a
hsa-miR-194_st,101,hsa-miR-194
hsa-miR-20b_st,101,hsa-miR-20b
hsa-miR-25_st,101,hsa-miR-25
hsa-miR-425_st,101,hsa-miR-425
hsa-miR-28-3p_st,101,hsa-miR-28-3p
hsa-miR-28-5p_st,101,hsa-miR-28-5p
hsa-miR-320d_st,101,hsa-miR-320d
hsa-miR-146b-5p_st,101,hsa-miR-146b-5p
hsa-miR-19b_st,101,hsa-miR-19b
hsa-let-7d_st,101,hsa-let-7d
hsa-let-7g_st,101,hsa-let-7g
hsa-miR-15b_st,101,hsa-miR-15b
hsa-miR-30a-star_st,101,hsa-miR-30a-star
hsa-miR-15a_st,101,hsa-miR-15a
hsa-miR-26a_st,101,hsa-miR-26a
hsa-miR-181a_st,101,hsa-miR-181a
hsa-miR-181b_st,101,hsa-miR-181b
hsa-miR-221_st,101,hsa-miR-221
hsa-miR-222_st,101,hsa-miR-222
hsa-miR-27a_st,101,hsa-miR-27a
hsa-miR-29a_st,101,hsa-miR-29a
hsa-miR-130a_st,101,hsa-miR-130a
hsa-miR-497_st,101,hsa-miR-497
hsa-miR-574-3p_st,101,hsa-miR-574-3p
hsa-miR-92a_st,101,hsa-miR-92a
hsa-miR-181c_st,101,hsa-miR-181c
hsa-miR-23a-star_st,101,hsa-miR-23a-star
hsa-miR-141_st,101,hsa-miR-141
hsa-miR-339-5p_st,101,hsa-miR-339-5p
hsa-miR-339-3p_st,101,hsa-miR-339-3p
hsa-miR-423-3p_st,101,hsa-miR-423-3p
hsa-miR-652_st,101,hsa-miR-652
hsa-miR-532-5p_st,101,hsa-miR-532-5p
hsa-miR-500-star_st,101,hsa-miR-500-star
hsa-miR-502-3p_st,101,hsa-miR-502-3p
hsa-miR-324-5p_st,101,hsa-miR-324-5p
hsa-miR-532-3p_st,101,hsa-miR-532-3p
hsa-miR-1308_st,101,hsa-miR-1308
hsa-miR-335_st,101,hsa-miR-335
hsa-miR-1207-5p_st,101,hsa-miR-1207-5p
hsa-miR-1268_st,101,hsa-miR-1268
hsa-miR-663_st,101,hsa-miR-663
hsa-miR-574-5p_st,101,hsa-miR-574-5p
hsa-miR-423-5p_st,101,hsa-miR-423-5p
hsa-miR-744_st,101,hsa-miR-744
hsa-miR-1275_st,101,hsa-miR-1275
hsa-let-7b_st,101,hsa-let-7b
hsa-miR-193a-5p_st,101,hsa-miR-193a-5p
hsa-miR-378_st,101,hsa-miR-378
hsa-miR-1301_st,101,hsa-miR-1301
hsa-miR-362-5p_st,101,hsa-miR-362-5p
hsa-miR-138_st,101,hsa-miR-138
hsa-miR-210_st,101,hsa-miR-210
hsa-miR-125a-3p_st,101,hsa-miR-125a-3p
hsa-miR-184_st,101,hsa-miR-184
